{
    "accuracy": 0.963910681955341,
    "precision": 0.9563075605054615,
    "recall": 0.9791666666666666,
    "f1_score": 0.9676021237403836,
    "auc": 0.9950323796067351,
    "confusion_matrix": [
        [
            3521,
            204
        ],
        [
            95,
            4465
        ]
    ]
}