{
    "accuracy": 0.9705491852745927,
    "precision": 0.9695387293298521,
    "recall": 0.9771929824561404,
    "f1_score": 0.9733508082131935,
    "auc": 0.995052572706935,
    "confusion_matrix": [
        [
            3585,
            140
        ],
        [
            104,
            4456
        ]
    ]
}