{
    "accuracy": 0.9714640198511166,
    "precision": 0.9731543624161074,
    "recall": 0.9753363228699552,
    "f1_score": 0.9742441209406495,
    "auc": 0.9928001993024415,
    "confusion_matrix": [
        [
            348,
            12
        ],
        [
            11,
            435
        ]
    ]
}